{"cameraMode":{"drawMode":0,"name":"Shaded","section":"Shading Mode"},"sceneLighting":true,"audioPlay":false,"sceneViewState":{"showFog":true,"showMaterialUpdate":false,"showSkybox":true,"showFlares":true,"showImageEffects":true,"showParticleSystems":true},"in2DMode":false,"pivot":{"x":0.04443359375,"y":2.931884765625,"z":-3.2724609375},"rotation":{"x":0.09662028402090073,"y":0.03283947706222534,"z":-0.0031897397711873056,"w":0.994774341583252},"size":12.281383514404297,"orthographic":true}